<metadata xml:lang="en"><Esri><CreaDate>20210429</CreaDate><CreaTime>10170500</CreaTime><ArcGISFormat>1.0</ArcGISFormat><SyncOnce>FALSE</SyncOnce><DataProperties><lineage><Process ToolSource="c:\program files\arcgis\pro\Resources\ArcToolbox\toolboxes\Data Management Tools.tbx\Append" Date="20210429" Time="101705">Append Sustracciones_Temporal_Ley2_abril_2021 "D:\Users\sigsiac.tic\Documents\ArcGIS\Projects\GDB_creation\MADS_CARTOGRAFIA (2).sde\prod_sig_mads.mads_cartografia.Reservas\prod_sig_mads.mads_cartografia.Sustrac_Temporal_Ley2" "Use the field map to reconcile field differences" "id "id" true true false 9 Text 0 0,First,#,Sustracciones_Temporal_Ley2_abril_2021,Id,0,9;id_ley2 "id_ley2" true true false 7 Text 0 0,First,#,Sustracciones_Temporal_Ley2_abril_2021,Id_Ley2,0,7;nom_ley2 "nom_ley2" true true false 50 Text 0 0,First,#,Sustracciones_Temporal_Ley2_abril_2021,Nom_Ley2,0,50;sustrajo "sustrajo" true true false 20 Text 0 0,First,#,Sustracciones_Temporal_Ley2_abril_2021,Sustrajo,0,20;solicitante "solicitante" true true false 250 Text 0 0,First,#,Sustracciones_Temporal_Ley2_abril_2021,Solicitant,0,250;acto_admin "acto_admin" true true false 250 Text 0 0,First,#,Sustracciones_Temporal_Ley2_abril_2021,Acto_Admin,0,250;fecha_acto "fecha_acto" true true false 8 Date 0 0,First,#,Sustracciones_Temporal_Ley2_abril_2021,Fecha_Acto,-1,-1;municipio "municipio" true true false 250 Text 0 0,First,#,Sustracciones_Temporal_Ley2_abril_2021,Municipio,0,250;departament "departament" true true false 250 Text 0 0,First,#,Sustracciones_Temporal_Ley2_abril_2021,Departamen,0,250;fecha_fin "fecha_fin" true true false 8 Date 0 0,First,#,Sustracciones_Temporal_Ley2_abril_2021,Fecha_Fin,-1,-1;observacio "observacio" true true false 250 Text 0 0,First,#,Sustracciones_Temporal_Ley2_abril_2021,Observacio,0,250;sector "sector" true true false 100 Text 0 0,First,#,Sustracciones_Temporal_Ley2_abril_2021,Sector,0,100;area_ha "area_ha" true true false 8 Double 6 38,First,#,Sustracciones_Temporal_Ley2_abril_2021,Area_Ha,-1,-1;fecha_ingreso "fecha_ingreso" true true false 8 Date 0 0,First,#,Sustracciones_Temporal_Ley2_abril_2021,Fecha_Ingr,-1,-1;fecha_recoleccion "fecha_recoleccion" true true false 8 Date 0 0,First,#,Sustracciones_Temporal_Ley2_abril_2021,Fecha_Reco,-1,-1;id_dbbse "id_dbbse" true true false 12 Text 0 0,First,#,Sustracciones_Temporal_Ley2_abril_2021,id_DBBSE,0,12" # #</Process><Process ToolSource="c:\program files\arcgis\pro\Resources\ArcToolbox\toolboxes\Data Management Tools.tbx\Append" Date="20210526" Time="095544">Append Sustracciones_Temporales_Ley2_Mayo_2021 "D:\Users\sigsiac.tic\Documents\ArcGIS\Projects\GDB_creation\MADS_CARTOGRAFIA (2).sde\prod_sig_mads.mads_cartografia.Reservas\prod_sig_mads.mads_cartografia.Sustrac_Temporal_Ley2" "Use the field map to reconcile field differences" "id "id" true true false 9 Text 0 0,First,#,D:\Users\sigsiac.tic\Documents\CAPAS MINISTERIO\ACTUALIZACION MAYO 25 DE 2021\Sustraccion Temporal Reservas Ley2 Mayo 2021-20210526T143909Z-001\Sustraccion Temporal Reservas Ley2 Mayo 2021\Sustracciones_Temporales_Ley2_Mayo_2021.shp,Id,0,9;id_ley2 "id_ley2" true true false 7 Text 0 0,First,#,D:\Users\sigsiac.tic\Documents\CAPAS MINISTERIO\ACTUALIZACION MAYO 25 DE 2021\Sustraccion Temporal Reservas Ley2 Mayo 2021-20210526T143909Z-001\Sustraccion Temporal Reservas Ley2 Mayo 2021\Sustracciones_Temporales_Ley2_Mayo_2021.shp,Id_Ley2,0,7;nom_ley2 "nom_ley2" true true false 50 Text 0 0,First,#,D:\Users\sigsiac.tic\Documents\CAPAS MINISTERIO\ACTUALIZACION MAYO 25 DE 2021\Sustraccion Temporal Reservas Ley2 Mayo 2021-20210526T143909Z-001\Sustraccion Temporal Reservas Ley2 Mayo 2021\Sustracciones_Temporales_Ley2_Mayo_2021.shp,Nom_Ley2,0,50;sustrajo "sustrajo" true true false 20 Text 0 0,First,#,D:\Users\sigsiac.tic\Documents\CAPAS MINISTERIO\ACTUALIZACION MAYO 25 DE 2021\Sustraccion Temporal Reservas Ley2 Mayo 2021-20210526T143909Z-001\Sustraccion Temporal Reservas Ley2 Mayo 2021\Sustracciones_Temporales_Ley2_Mayo_2021.shp,Sustrajo,0,20;solicitante "solicitante" true true false 250 Text 0 0,First,#,Sustracciones_Temporales_Ley2_Mayo_2021,Solicitant,0,250;acto_admin "acto_admin" true true false 250 Text 0 0,First,#,D:\Users\sigsiac.tic\Documents\CAPAS MINISTERIO\ACTUALIZACION MAYO 25 DE 2021\Sustraccion Temporal Reservas Ley2 Mayo 2021-20210526T143909Z-001\Sustraccion Temporal Reservas Ley2 Mayo 2021\Sustracciones_Temporales_Ley2_Mayo_2021.shp,Acto_Admin,0,250;fecha_acto "fecha_acto" true true false 8 Date 0 0,First,#,D:\Users\sigsiac.tic\Documents\CAPAS MINISTERIO\ACTUALIZACION MAYO 25 DE 2021\Sustraccion Temporal Reservas Ley2 Mayo 2021-20210526T143909Z-001\Sustraccion Temporal Reservas Ley2 Mayo 2021\Sustracciones_Temporales_Ley2_Mayo_2021.shp,Fecha_Acto,-1,-1;municipio "municipio" true true false 250 Text 0 0,First,#,D:\Users\sigsiac.tic\Documents\CAPAS MINISTERIO\ACTUALIZACION MAYO 25 DE 2021\Sustraccion Temporal Reservas Ley2 Mayo 2021-20210526T143909Z-001\Sustraccion Temporal Reservas Ley2 Mayo 2021\Sustracciones_Temporales_Ley2_Mayo_2021.shp,Municipio,0,250;departament "departament" true true false 250 Text 0 0,First,#,Sustracciones_Temporales_Ley2_Mayo_2021,Departamen,0,250;fecha_fin "fecha_fin" true true false 8 Date 0 0,First,#,D:\Users\sigsiac.tic\Documents\CAPAS MINISTERIO\ACTUALIZACION MAYO 25 DE 2021\Sustraccion Temporal Reservas Ley2 Mayo 2021-20210526T143909Z-001\Sustraccion Temporal Reservas Ley2 Mayo 2021\Sustracciones_Temporales_Ley2_Mayo_2021.shp,Fecha_Fin,-1,-1;observacio "observacio" true true false 250 Text 0 0,First,#,D:\Users\sigsiac.tic\Documents\CAPAS MINISTERIO\ACTUALIZACION MAYO 25 DE 2021\Sustraccion Temporal Reservas Ley2 Mayo 2021-20210526T143909Z-001\Sustraccion Temporal Reservas Ley2 Mayo 2021\Sustracciones_Temporales_Ley2_Mayo_2021.shp,Observacio,0,250;sector "sector" true true false 100 Text 0 0,First,#,D:\Users\sigsiac.tic\Documents\CAPAS MINISTERIO\ACTUALIZACION MAYO 25 DE 2021\Sustraccion Temporal Reservas Ley2 Mayo 2021-20210526T143909Z-001\Sustraccion Temporal Reservas Ley2 Mayo 2021\Sustracciones_Temporales_Ley2_Mayo_2021.shp,Sector,0,100;area_ha "area_ha" true true false 8 Double 6 38,First,#,D:\Users\sigsiac.tic\Documents\CAPAS MINISTERIO\ACTUALIZACION MAYO 25 DE 2021\Sustraccion Temporal Reservas Ley2 Mayo 2021-20210526T143909Z-001\Sustraccion Temporal Reservas Ley2 Mayo 2021\Sustracciones_Temporales_Ley2_Mayo_2021.shp,Area_Ha,-1,-1;fecha_ingreso "fecha_ingreso" true true false 8 Date 0 0,First,#,Sustracciones_Temporales_Ley2_Mayo_2021,Fecha_Ingr,-1,-1;fecha_recoleccion "fecha_recoleccion" true true false 8 Date 0 0,First,#,Sustracciones_Temporales_Ley2_Mayo_2021,Fecha_Reco,-1,-1;id_dbbse "id_dbbse" true true false 12 Text 0 0,First,#,D:\Users\sigsiac.tic\Documents\CAPAS MINISTERIO\ACTUALIZACION MAYO 25 DE 2021\Sustraccion Temporal Reservas Ley2 Mayo 2021-20210526T143909Z-001\Sustraccion Temporal Reservas Ley2 Mayo 2021\Sustracciones_Temporales_Ley2_Mayo_2021.shp,id_DBBSE,0,12" # #</Process><Process ToolSource="c:\program files\arcgis\pro\Resources\ArcToolbox\toolboxes\Data Management Tools.tbx\Append" Date="20210924" Time="161221">Append Sustrac_Temporal_Ley2 "D:\Users\sigsiac.tic\Documents\ArcGIS\Projects\GDB_creation\MADS_CARTOGRAFIA (2).sde\prod_sig_mads.mads_cartografia.Reservas\prod_sig_mads.mads_cartografia.Sustrac_Temporal_Ley2" "Use the field map to reconcile field differences" "id "id" true true false 9 Text 0 0,First,#,D:\Users\sigsiac.tic\Documents\replicas\01RECIBIDAS\Reservas_replica_24092021.gdb\Reservas_replica_22092021.gdb\Reservas\Sustrac_Temporal_Ley2,id,0,9;id_ley2 "id_ley2" true true false 7 Text 0 0,First,#,D:\Users\sigsiac.tic\Documents\replicas\01RECIBIDAS\Reservas_replica_24092021.gdb\Reservas_replica_22092021.gdb\Reservas\Sustrac_Temporal_Ley2,id_ley2,0,7;nom_ley2 "nom_ley2" true true false 50 Text 0 0,First,#,D:\Users\sigsiac.tic\Documents\replicas\01RECIBIDAS\Reservas_replica_24092021.gdb\Reservas_replica_22092021.gdb\Reservas\Sustrac_Temporal_Ley2,nom_ley2,0,50;sustrajo "sustrajo" true true false 20 Text 0 0,First,#,D:\Users\sigsiac.tic\Documents\replicas\01RECIBIDAS\Reservas_replica_24092021.gdb\Reservas_replica_22092021.gdb\Reservas\Sustrac_Temporal_Ley2,sustrajo,0,20;solicitante "solicitante" true true false 250 Text 0 0,First,#,Sustrac_Temporal_Ley2,solicitant,0,250;acto_admin "acto_admin" true true false 250 Text 0 0,First,#,D:\Users\sigsiac.tic\Documents\replicas\01RECIBIDAS\Reservas_replica_24092021.gdb\Reservas_replica_22092021.gdb\Reservas\Sustrac_Temporal_Ley2,acto_admin,0,250;fecha_acto "fecha_acto" true true false 8 Date 0 0,First,#,D:\Users\sigsiac.tic\Documents\replicas\01RECIBIDAS\Reservas_replica_24092021.gdb\Reservas_replica_22092021.gdb\Reservas\Sustrac_Temporal_Ley2,fecha_acto,-1,-1;municipio "municipio" true true false 250 Text 0 0,First,#,D:\Users\sigsiac.tic\Documents\replicas\01RECIBIDAS\Reservas_replica_24092021.gdb\Reservas_replica_22092021.gdb\Reservas\Sustrac_Temporal_Ley2,municipio,0,250;departament "departament" true true false 250 Text 0 0,First,#,Sustrac_Temporal_Ley2,departamen,0,250;fecha_fin "fecha_fin" true true false 8 Date 0 0,First,#,D:\Users\sigsiac.tic\Documents\replicas\01RECIBIDAS\Reservas_replica_24092021.gdb\Reservas_replica_22092021.gdb\Reservas\Sustrac_Temporal_Ley2,fecha_fin,-1,-1;observacio "observacio" true true false 250 Text 0 0,First,#,D:\Users\sigsiac.tic\Documents\replicas\01RECIBIDAS\Reservas_replica_24092021.gdb\Reservas_replica_22092021.gdb\Reservas\Sustrac_Temporal_Ley2,observacio,0,250;sector "sector" true true false 100 Text 0 0,First,#,D:\Users\sigsiac.tic\Documents\replicas\01RECIBIDAS\Reservas_replica_24092021.gdb\Reservas_replica_22092021.gdb\Reservas\Sustrac_Temporal_Ley2,sector,0,100;area_ha "area_ha" true true false 8 Double 6 38,First,#,D:\Users\sigsiac.tic\Documents\replicas\01RECIBIDAS\Reservas_replica_24092021.gdb\Reservas_replica_22092021.gdb\Reservas\Sustrac_Temporal_Ley2,area_ha,-1,-1;fecha_ingreso "fecha_ingreso" true true false 8 Date 0 0,First,#,Sustrac_Temporal_Ley2,fecha_ingr,-1,-1;fecha_recoleccion "fecha_recoleccion" true true false 8 Date 0 0,First,#,Sustrac_Temporal_Ley2,fecha_reco,-1,-1;id_dbbse "id_dbbse" true true false 12 Text 0 0,First,#,D:\Users\sigsiac.tic\Documents\replicas\01RECIBIDAS\Reservas_replica_24092021.gdb\Reservas_replica_22092021.gdb\Reservas\Sustrac_Temporal_Ley2,id_dbbse,0,12" # #</Process><Process ToolSource="c:\program files\arcgis\pro\Resources\ArcToolbox\toolboxes\Conversion Tools.tbx\FeatureClassToFeatureClass" Date="20210924" Time="170737">FeatureClassToFeatureClass prod_sig_mads.mads_cartografia.Sustrac_Temporal_Ley2 "D:\Users\sigsiac.tic\Documents\CAPAS MINISTERIO\07 ACTUALIZACION 24 DE SEPTIEMBRE 2021" Sustracciones_Temporales_Ley2_septiembre_2021.shp # "id "id" true true false 9 Text 0 0,First,#,prod_sig_mads.mads_cartografia.Sustrac_Temporal_Ley2,id,0,9;id_ley2 "id_ley2" true true false 7 Text 0 0,First,#,prod_sig_mads.mads_cartografia.Sustrac_Temporal_Ley2,id_ley2,0,7;nom_ley2 "nom_ley2" true true false 50 Text 0 0,First,#,prod_sig_mads.mads_cartografia.Sustrac_Temporal_Ley2,nom_ley2,0,50;sustrajo "sustrajo" true true false 20 Text 0 0,First,#,prod_sig_mads.mads_cartografia.Sustrac_Temporal_Ley2,sustrajo,0,20;solicitante "solicitante" true true false 250 Text 0 0,First,#,prod_sig_mads.mads_cartografia.Sustrac_Temporal_Ley2,solicitante,0,250;acto_admin "acto_admin" true true false 250 Text 0 0,First,#,prod_sig_mads.mads_cartografia.Sustrac_Temporal_Ley2,acto_admin,0,250;fecha_acto "fecha_acto" true true false 8 Date 0 0,First,#,prod_sig_mads.mads_cartografia.Sustrac_Temporal_Ley2,fecha_acto,-1,-1;municipio "municipio" true true false 250 Text 0 0,First,#,prod_sig_mads.mads_cartografia.Sustrac_Temporal_Ley2,municipio,0,250;departament "departament" true true false 250 Text 0 0,First,#,prod_sig_mads.mads_cartografia.Sustrac_Temporal_Ley2,departament,0,250;fecha_fin "fecha_fin" true true false 8 Date 0 0,First,#,prod_sig_mads.mads_cartografia.Sustrac_Temporal_Ley2,fecha_fin,-1,-1;observacio "observacio" true true false 250 Text 0 0,First,#,prod_sig_mads.mads_cartografia.Sustrac_Temporal_Ley2,observacio,0,250;sector "sector" true true false 100 Text 0 0,First,#,prod_sig_mads.mads_cartografia.Sustrac_Temporal_Ley2,sector,0,100;area_ha "area_ha" true true false 8 Double 6 38,First,#,prod_sig_mads.mads_cartografia.Sustrac_Temporal_Ley2,area_ha,-1,-1;fecha_ingreso "fecha_ingreso" true true false 8 Date 0 0,First,#,prod_sig_mads.mads_cartografia.Sustrac_Temporal_Ley2,fecha_ingreso,-1,-1;fecha_recoleccion "fecha_recoleccion" true true false 8 Date 0 0,First,#,prod_sig_mads.mads_cartografia.Sustrac_Temporal_Ley2,fecha_recoleccion,-1,-1;id_dbbse "id_dbbse" true true false 12 Text 0 0,First,#,prod_sig_mads.mads_cartografia.Sustrac_Temporal_Ley2,id_dbbse,0,12;st_area_shape_ "st_area(shape)" false true true 0 Double 0 0,First,#,prod_sig_mads.mads_cartografia.Sustrac_Temporal_Ley2,st_area(shape),-1,-1;st_perimeter_shape_ "st_perimeter(shape)" false true true 0 Double 0 0,First,#,prod_sig_mads.mads_cartografia.Sustrac_Temporal_Ley2,st_perimeter(shape),-1,-1" #</Process></lineage><itemProps><itemName Sync="TRUE">Sustracciones_Temporales_Ley2_septiembre_2021</itemName><imsContentType Sync="TRUE">002</imsContentType><itemSize Sync="TRUE">0.000</itemSize><itemLocation><linkage Sync="TRUE">file://\\WSAMZN-SFJTCGH1\D$\Users\sigsiac.tic\Documents\CAPAS MINISTERIO\07 ACTUALIZACION 24 DE SEPTIEMBRE 2021\Sustracciones_Temporales_Ley2_septiembre_2021.shp</linkage><protocol Sync="TRUE">Local Area Network</protocol></itemLocation></itemProps><coordRef><type Sync="TRUE">Geographic</type><geogcsn Sync="TRUE">GCS_MAGNA</geogcsn><csUnits Sync="TRUE">Angular Unit: Degree (0.017453)</csUnits><peXml Sync="TRUE">&lt;GeographicCoordinateSystem xsi:type='typens:GeographicCoordinateSystem' xmlns:xsi='http://www.w3.org/2001/XMLSchema-instance' xmlns:xs='http://www.w3.org/2001/XMLSchema' xmlns:typens='http://www.esri.com/schemas/ArcGIS/2.8.0'&gt;&lt;WKT&gt;GEOGCS[&amp;quot;GCS_MAGNA&amp;quot;,DATUM[&amp;quot;D_MAGNA&amp;quot;,SPHEROID[&amp;quot;GRS_1980&amp;quot;,6378137.0,298.257222101]],PRIMEM[&amp;quot;Greenwich&amp;quot;,0.0],UNIT[&amp;quot;Degree&amp;quot;,0.0174532925199433],AUTHORITY[&amp;quot;EPSG&amp;quot;,4686]]&lt;/WKT&gt;&lt;XOrigin&gt;-400&lt;/XOrigin&gt;&lt;YOrigin&gt;-400&lt;/YOrigin&gt;&lt;XYScale&gt;11258999068426.238&lt;/XYScale&gt;&lt;ZOrigin&gt;-100000&lt;/ZOrigin&gt;&lt;ZScale&gt;10000&lt;/ZScale&gt;&lt;MOrigin&gt;-100000&lt;/MOrigin&gt;&lt;MScale&gt;10000&lt;/MScale&gt;&lt;XYTolerance&gt;8.983152841195215e-09&lt;/XYTolerance&gt;&lt;ZTolerance&gt;0.001&lt;/ZTolerance&gt;&lt;MTolerance&gt;0.001&lt;/MTolerance&gt;&lt;HighPrecision&gt;true&lt;/HighPrecision&gt;&lt;LeftLongitude&gt;-180&lt;/LeftLongitude&gt;&lt;WKID&gt;4686&lt;/WKID&gt;&lt;LatestWKID&gt;4686&lt;/LatestWKID&gt;&lt;/GeographicCoordinateSystem&gt;</peXml></coordRef></DataProperties><SyncDate>20210924</SyncDate><SyncTime>17073600</SyncTime><ModDate>20210924</ModDate><ModTime>17073600</ModTime></Esri><dataIdInfo><envirDesc Sync="TRUE">Microsoft Windows Server 2016 Technical Preview Version 10.0 (Build 14393) ; Esri ArcGIS 12.8.3.29751</envirDesc><dataLang><languageCode value="eng" Sync="TRUE"></languageCode><countryCode value="USA" Sync="TRUE"></countryCode></dataLang><idCitation><resTitle Sync="TRUE">Sustracciones_Temporales_Ley2_septiembre_2021</resTitle><presForm><PresFormCd value="005" Sync="TRUE"></PresFormCd></presForm></idCitation><spatRpType><SpatRepTypCd value="001" Sync="TRUE"></SpatRepTypCd></spatRpType></dataIdInfo><mdLang><languageCode value="eng" Sync="TRUE"></languageCode><countryCode value="USA" Sync="TRUE"></countryCode></mdLang><distInfo><distFormat><formatName Sync="TRUE">Shapefile</formatName></distFormat><distTranOps><transSize Sync="TRUE">0.000</transSize></distTranOps></distInfo><mdHrLv><ScopeCd value="005" Sync="TRUE"></ScopeCd></mdHrLv><mdHrLvName Sync="TRUE">dataset</mdHrLvName><refSysInfo><RefSystem><refSysID><identCode code="4686" Sync="TRUE"></identCode><idCodeSpace Sync="TRUE">EPSG</idCodeSpace><idVersion Sync="TRUE">6.14(9.2.0)</idVersion></refSysID></RefSystem></refSysInfo><spatRepInfo><VectSpatRep><geometObjs Name="Sustracciones_Temporales_Ley2_septiembre_2021"><geoObjTyp><GeoObjTypCd value="002" Sync="TRUE"></GeoObjTypCd></geoObjTyp><geoObjCnt Sync="TRUE">0</geoObjCnt></geometObjs><topLvl><TopoLevCd value="001" Sync="TRUE"></TopoLevCd></topLvl></VectSpatRep></spatRepInfo><spdoinfo><ptvctinf><esriterm Name="Sustracciones_Temporales_Ley2_septiembre_2021"><efeatyp Sync="TRUE">Simple</efeatyp><efeageom code="4" Sync="TRUE"></efeageom><esritopo Sync="TRUE">FALSE</esritopo><efeacnt Sync="TRUE">0</efeacnt><spindex Sync="TRUE">FALSE</spindex><linrefer Sync="TRUE">FALSE</linrefer></esriterm></ptvctinf></spdoinfo><eainfo><detailed Name="Sustracciones_Temporales_Ley2_septiembre_2021"><enttyp><enttypl Sync="TRUE">Sustracciones_Temporales_Ley2_septiembre_2021</enttypl><enttypt Sync="TRUE">Feature Class</enttypt><enttypc Sync="TRUE">0</enttypc></enttyp><attr><attrlabl Sync="TRUE">FID</attrlabl><attalias Sync="TRUE">FID</attalias><attrtype Sync="TRUE">OID</attrtype><attwidth Sync="TRUE">4</attwidth><atprecis Sync="TRUE">0</atprecis><attscale Sync="TRUE">0</attscale><attrdef Sync="TRUE">Internal feature number.</attrdef><attrdefs Sync="TRUE">Esri</attrdefs><attrdomv><udom Sync="TRUE">Sequential unique whole numbers that are automatically generated.</udom></attrdomv></attr><attr><attrlabl Sync="TRUE">Shape</attrlabl><attalias Sync="TRUE">Shape</attalias><attrtype Sync="TRUE">Geometry</attrtype><attwidth Sync="TRUE">0</attwidth><atprecis Sync="TRUE">0</atprecis><attscale Sync="TRUE">0</attscale><attrdef Sync="TRUE">Feature geometry.</attrdef><attrdefs Sync="TRUE">Esri</attrdefs><attrdomv><udom Sync="TRUE">Coordinates defining the features.</udom></attrdomv></attr><attr><attrlabl Sync="TRUE">id</attrlabl><attalias Sync="TRUE">id</attalias><attrtype Sync="TRUE">String</attrtype><attwidth Sync="TRUE">9</attwidth><atprecis Sync="TRUE">0</atprecis><attscale Sync="TRUE">0</attscale></attr><attr><attrlabl Sync="TRUE">id_ley2</attrlabl><attalias Sync="TRUE">id_ley2</attalias><attrtype Sync="TRUE">String</attrtype><attwidth Sync="TRUE">7</attwidth><atprecis Sync="TRUE">0</atprecis><attscale Sync="TRUE">0</attscale></attr><attr><attrlabl Sync="TRUE">nom_ley2</attrlabl><attalias Sync="TRUE">nom_ley2</attalias><attrtype Sync="TRUE">String</attrtype><attwidth Sync="TRUE">50</attwidth><atprecis Sync="TRUE">0</atprecis><attscale Sync="TRUE">0</attscale></attr><attr><attrlabl Sync="TRUE">sustrajo</attrlabl><attalias Sync="TRUE">sustrajo</attalias><attrtype Sync="TRUE">String</attrtype><attwidth Sync="TRUE">20</attwidth><atprecis Sync="TRUE">0</atprecis><attscale Sync="TRUE">0</attscale></attr><attr><attrlabl Sync="TRUE">solicitant</attrlabl><attalias Sync="TRUE">solicitant</attalias><attrtype Sync="TRUE">String</attrtype><attwidth Sync="TRUE">250</attwidth><atprecis Sync="TRUE">0</atprecis><attscale Sync="TRUE">0</attscale></attr><attr><attrlabl Sync="TRUE">acto_admin</attrlabl><attalias Sync="TRUE">acto_admin</attalias><attrtype Sync="TRUE">String</attrtype><attwidth Sync="TRUE">250</attwidth><atprecis Sync="TRUE">0</atprecis><attscale Sync="TRUE">0</attscale></attr><attr><attrlabl Sync="TRUE">fecha_acto</attrlabl><attalias Sync="TRUE">fecha_acto</attalias><attrtype Sync="TRUE">Date</attrtype><attwidth Sync="TRUE">8</attwidth><atprecis Sync="TRUE">0</atprecis><attscale Sync="TRUE">0</attscale></attr><attr><attrlabl Sync="TRUE">municipio</attrlabl><attalias Sync="TRUE">municipio</attalias><attrtype Sync="TRUE">String</attrtype><attwidth Sync="TRUE">250</attwidth><atprecis Sync="TRUE">0</atprecis><attscale Sync="TRUE">0</attscale></attr><attr><attrlabl Sync="TRUE">departamen</attrlabl><attalias Sync="TRUE">departamen</attalias><attrtype Sync="TRUE">String</attrtype><attwidth Sync="TRUE">250</attwidth><atprecis Sync="TRUE">0</atprecis><attscale Sync="TRUE">0</attscale></attr><attr><attrlabl Sync="TRUE">fecha_fin</attrlabl><attalias Sync="TRUE">fecha_fin</attalias><attrtype Sync="TRUE">Date</attrtype><attwidth Sync="TRUE">8</attwidth><atprecis Sync="TRUE">0</atprecis><attscale Sync="TRUE">0</attscale></attr><attr><attrlabl Sync="TRUE">observacio</attrlabl><attalias Sync="TRUE">observacio</attalias><attrtype Sync="TRUE">String</attrtype><attwidth Sync="TRUE">250</attwidth><atprecis Sync="TRUE">0</atprecis><attscale Sync="TRUE">0</attscale></attr><attr><attrlabl Sync="TRUE">sector</attrlabl><attalias Sync="TRUE">sector</attalias><attrtype Sync="TRUE">String</attrtype><attwidth Sync="TRUE">100</attwidth><atprecis Sync="TRUE">0</atprecis><attscale Sync="TRUE">0</attscale></attr><attr><attrlabl Sync="TRUE">area_ha</attrlabl><attalias Sync="TRUE">area_ha</attalias><attrtype Sync="TRUE">Double</attrtype><attwidth Sync="TRUE">19</attwidth><atprecis Sync="TRUE">18</atprecis><attscale Sync="TRUE">6</attscale></attr><attr><attrlabl Sync="TRUE">fecha_ingr</attrlabl><attalias Sync="TRUE">fecha_ingr</attalias><attrtype Sync="TRUE">Date</attrtype><attwidth Sync="TRUE">8</attwidth><atprecis Sync="TRUE">0</atprecis><attscale Sync="TRUE">0</attscale></attr><attr><attrlabl Sync="TRUE">fecha_reco</attrlabl><attalias Sync="TRUE">fecha_reco</attalias><attrtype Sync="TRUE">Date</attrtype><attwidth Sync="TRUE">8</attwidth><atprecis Sync="TRUE">0</atprecis><attscale Sync="TRUE">0</attscale></attr><attr><attrlabl Sync="TRUE">id_dbbse</attrlabl><attalias Sync="TRUE">id_dbbse</attalias><attrtype Sync="TRUE">String</attrtype><attwidth Sync="TRUE">12</attwidth><atprecis Sync="TRUE">0</atprecis><attscale Sync="TRUE">0</attscale></attr><attr><attrlabl Sync="TRUE">st_area_sh</attrlabl><attalias Sync="TRUE">st_area_sh</attalias><attrtype Sync="TRUE">Double</attrtype><attwidth Sync="TRUE">19</attwidth><atprecis Sync="TRUE">0</atprecis><attscale Sync="TRUE">0</attscale></attr><attr><attrlabl Sync="TRUE">st_perimet</attrlabl><attalias Sync="TRUE">st_perimet</attalias><attrtype Sync="TRUE">Double</attrtype><attwidth Sync="TRUE">19</attwidth><atprecis Sync="TRUE">0</atprecis><attscale Sync="TRUE">0</attscale></attr></detailed></eainfo><mdDateSt Sync="TRUE">20210924</mdDateSt></metadata>
